{"stat.useItem.minecraft.anvil":3,"stat.useItem.minecraft.spruce_door":5,"stat.useItem.minecraft.chest":8,"stat.useItem.minecraft.stained_glass_pane":104,"stat.useItem.minecraft.minecart":88,"achievement.openInventory":131,"stat.killEntity.Sheep":1,"stat.damageDealt":7853,"stat.useItem.minecraft.obsidian":19,"stat.useItem.minecraft.fence":13,"achievement.exploreAllBiomes":{"value":0,"progress":["Extreme Hills+","Flower Forest","Extreme Hills","Plains","The End","River","Hell","Extreme Hills+ M"]},"stat.useItem.minecraft.bedrock":124,"stat.flyOneCm":1971223,"stat.useItem.minecraft.stonebrick":175,"stat.useItem.minecraft.golden_rail":791,"stat.useItem.minecraft.stone":277,"stat.useItem.minecraft.prismarine":9,"stat.useItem.minecraft.flower_pot":1,"stat.useItem.minecraft.torch":100,"stat.useItem.minecraft.rail":1047,"stat.useItem.minecraft.end_portal_frame":13,"stat.useItem.minecraft.ladder":15,"stat.useItem.minecraft.monster_egg":39,"stat.useItem.minecraft.wooden_pressure_plate":14,"stat.useItem.minecraft.flint_and_steel":1,"stat.climbOneCm":10319,"stat.useItem.minecraft.redstone":8,"stat.useItem.minecraft.potion":7,"stat.useItem.minecraft.brick_stairs":7,"stat.drop":3,"stat.useItem.minecraft.stone_pressure_plate":2,"stat.leaveGame":17,"stat.diveOneCm":6007,"stat.useItem.minecraft.lever":2,"stat.killEntity.Spider":2,"stat.timeSinceDeath":1473966,"stat.killEntity.Creeper":2,"stat.useItem.minecraft.ender_eye":12,"stat.useItem.minecraft.chest_minecart":13,"stat.useItem.minecraft.crafting_table":1,"stat.playOneMinute":1473967,"stat.useItem.minecraft.redstone_torch":145,"stat.useItem.minecraft.wool":374,"stat.killEntity.Rabbit":15,"stat.killEntity.Pig":10,"stat.swimOneCm":1349,"stat.mobKills":60,"stat.killEntity.Skeleton":4,"stat.walkOneCm":856148,"stat.killEntity.Zombie":5,"stat.minecartOneCm":598364,"stat.useItem.minecraft.iron_door":7,"stat.useItem.minecraft.carpet":119,"stat.jump":984,"stat.useItem.minecraft.wooden_button":3,"stat.useItem.minecraft.piston":2,"stat.useItem.minecraft.detector_rail":1,"stat.useItem.minecraft.spawn_egg":99,"stat.killEntity.Squid":1,"stat.sprintOneCm":68945,"stat.useItem.minecraft.dirt":171}