{"stat.useItem.minecraft.anvil":3,"stat.crouchOneCm":3298,"stat.useItem.minecraft.chest":2,"stat.useItem.minecraft.stained_glass":16,"stat.useItem.minecraft.minecart":32,"achievement.openInventory":88,"stat.damageDealt":15,"stat.useItem.minecraft.cobblestone":34,"achievement.exploreAllBiomes":{"value":0,"progress":["Extreme Hills+","Extreme Hills","Plains","River","Extreme Hills+ M"]},"stat.craftItem.minecraft.leather_helmet":4,"stat.useItem.minecraft.tnt":73,"stat.useItem.minecraft.netherrack":51,"stat.flyOneCm":646702,"stat.useItem.minecraft.ender_chest":1,"stat.useItem.minecraft.stone":38,"stat.useItem.minecraft.flint_and_steel":82,"stat.craftItem.minecraft.leather_boots":4,"stat.useItem.minecraft.potion":1,"stat.useItem.minecraft.oak_stairs":3,"stat.useItem.minecraft.torch":43,"stat.timeSinceDeath":1648383,"stat.useItem.minecraft.diamond_block":206,"stat.craftItem.minecraft.leather_chestplate":4,"stat.leaveGame":7,"stat.diveOneCm":3571,"stat.useItem.minecraft.bow":85,"stat.useItem.minecraft.crafting_table":4,"stat.useItem.minecraft.gold_block":339,"stat.playOneMinute":1648383,"stat.killEntity.Spider":1,"stat.useItem.minecraft.wool":26,"stat.killEntity.Rabbit":1,"stat.craftItem.minecraft.leather_leggings":4,"stat.swimOneCm":334,"stat.useItem.minecraft.dark_oak_door":2,"stat.mobKills":10,"stat.walkOneCm":172481,"stat.useItem.minecraft.string":5,"stat.killEntity.Zombie":1,"stat.minecartOneCm":229994,"stat.useItem.minecraft.sign":7,"stat.jump":187,"stat.useItem.minecraft.beacon":18,"stat.useItem.minecraft.spawn_egg":61,"stat.sprintOneCm":13454}