{"stat.crouchOneCm":885,"stat.useItem.minecraft.stained_glass_pane":134,"stat.useItem.minecraft.end_stone":2,"stat.useItem.minecraft.stained_glass":3,"stat.useItem.minecraft.stone_brick_stairs":18,"achievement.openInventory":56,"stat.useItem.minecraft.cobblestone":86,"stat.useItem.minecraft.fence":1,"achievement.exploreAllBiomes":{"value":0,"progress":["Flower Forest","Extreme Hills","Plains","River","Extreme Hills+ M"]},"stat.useItem.minecraft.brick_block":14,"stat.useItem.minecraft.bed":7,"stat.useItem.minecraft.rail":46,"stat.flyOneCm":697542,"stat.useItem.minecraft.stonebrick":649,"stat.useItem.minecraft.stone":966,"stat.climbOneCm":1925,"stat.useItem.minecraft.prismarine":258,"stat.useItem.minecraft.birch_door":7,"stat.useItem.minecraft.flower_pot":8,"stat.useItem.minecraft.torch":56,"stat.timeSinceDeath":1699515,"stat.playOneMinute":1699515,"stat.leaveGame":12,"stat.useItem.minecraft.painting":9,"stat.useItem.minecraft.wool":158,"stat.walkOneCm":202037,"stat.jump":114,"stat.useItem.minecraft.sign":9,"stat.useItem.minecraft.dirt":26}